Bornaviridae,Carbovirus,Queensland carbovirus
Bornaviridae,Carbovirus,Southwest carbovirus
Bornaviridae,Cultervirus,Sharpbelly cultervirus
Bornaviridae,Orthobornavirus,Elapid 1 orthobornavirus
Bornaviridae,Orthobornavirus,Mammalian 1 orthobornavirus
Bornaviridae,Orthobornavirus,Mammalian 2 orthobornavirus
Bornaviridae,Orthobornavirus,Passeriform 1 orthobornavirus
Bornaviridae,Orthobornavirus,Passeriform 2 orthobornavirus
Bornaviridae,Orthobornavirus,Psittaciform 1 orthobornavirus
Bornaviridae,Orthobornavirus,Psittaciform 2 orthobornavirus
Bornaviridae,Orthobornavirus,Waterbird 1 orthobornavirus
